TikS,NameS,Sector,SubSect,MCap,Beta,Time,YldAvg,Val,YldS,PEB,PE5,Saf,GrL,Gr5,G20,GrS,UnS,Dat,Frq,Pay,DtC,DtE,PFCF,RD,RR,Sch,Tax
IEP,Icahn Enterprises L.P.,Industrials,Industrial Conglomerates,7405.1,1.28,Appears speculative,15.30,51,23.17,18.6,67.4,35,-50.0,-3.0,,0,0,2024-03-08,quarterly,-902,0.44,6.86,5,Maintained,-82,"Apr, Jun, Sep, Dec",K-1
ARLP,Alliance Resource Partners,Energy,Coal and Consumable Fuels,2673.9,0.39,Appears speculative,12.20,9,13.41,5.1,3.8,40,0.0,6.0,9.0,2,2,2024-05-06,quarterly,56,0.14,0.35,10,Increased,-20,"Feb, May, Aug, Nov",K-1
NEP,NextEra Energy Partners,Utilities,Renewable Electricity,2532.1,1.38,May be undervalued,3.96,228,13.00,7.1,17.9,42,11.0,14.0,,9,9,2024-05-06,quarterly,46,0.30,3.04,6,,,"Feb, May, Aug, Nov",Qualified
BSM,Black Stone Minerals,Energy,Oil and Gas Exploration and Production,3308.2,0.40,Appears speculative,10.04,20,12.08,8.4,7.9,20,0.0,6.0,,3,3,2024-05-13,quarterly,88,0.00,0.00,8,,,"Feb, May, Aug, Nov",K-1
NAT,Nordic American Tankers,Energy,Oil and Gas Storage and Transportation,799.7,0.32,Appears speculative,8.09,48,12.01,7.1,6.0,6,84.0,42.0,-10.0,2,2,2024-06-14,quarterly,102,0.33,1.36,3,Cut,-12,"Jan, Apr, Jul, Oct",Qualified
FLNG,FLEX LNG Ltd.,Energy,Oil and Gas Storage and Transportation,1353.1,0.45,Appears speculative,9.61,23,11.91,11.5,11.6,30,0.0,,,0,4,2024-05-30,quarterly,136,0.62,4.85,2,,,"Mar, Jun, Sep, Dec",Qualified
VOD,Vodafone Group Public Limited Company,Communications,Wireless Telecommunication Services,22605.2,0.51,Appears speculative,6.55,80,11.81,13.7,14.9,30,0.0,-10.0,5.0,0,4,2024-06-10,semiannual,209,0.47,4.13,9,Increased,-53,"Feb, Jun",Qualified
DKL,"Delek Logistics Partners, LP",Energy,Oil and Gas Storage and Transportation,1764.4,0.62,Appears speculative,9.43,19,11.29,6.7,7.5,24,5.0,6.0,,11,11,2024-05-06,quarterly,73,,3.96,9,,,"Feb, May, Aug, Nov",K-1
LEG,Leggett & Platt,Consumer Discretionary,Home Furnishings,2356.4,0.81,Appears speculative,4.39,138,10.45,15.2,16.8,30,4.5,4.0,6.0,52,57,2024-06-14,quarterly,131,0.58,3.51,10,Increased,-44,"Jan, Apr, Jul, Oct",Qualified
BTI,British American Tobacco p.l.c.,Consumer Staples,Tobacco,63350.1,0.54,May be undervalued,7.53,38,10.42,6.1,8.6,45,2.0,3.0,9.0,24,24,2024-03-21,quarterly,61,0.40,2.71,10,Increased,-31,"Feb, May, Aug, Nov",Qualified
AY,Atlantica,Utilities,Renewable Electricity,2020.5,0.95,May be undervalued,6.04,69,10.22,8.4,13.1,50,0.0,5.0,,7,7,2024-05-30,quarterly,88,0.76,6.18,9,,,"Mar, Jun, Sep, Dec",Qualified
MO,Altria,Consumer Staples,Tobacco,70336.8,0.55,May be undervalued,8.08,18,9.57,8.1,9.4,55,4.3,5.0,2.0,54,54,2024-03-22,quarterly,78,,1.79,10,Increased,-20,"Jan, Apr, Jul, Oct",Qualified
CAPL,CrossAmerica Partners,Energy,Oil and Gas Storage and Transportation,840.9,0.39,Could be overvalued,10.83,-12,9.49,,6.6,50,0.0,0.0,,0,5,2024-05-02,quarterly,69,0.97,5.20,10,,,"Feb, May, Aug, Nov",K-1
BCE,BCE,Communications,Integrated Telecommunication Services,29555.7,0.57,May be undervalued,5.80,57,9.15,14.6,17.8,42,3.1,5.0,6.0,15,15,2024-06-14,quarterly,123,0.64,3.42,10,Increased,-52,"Jan, Apr, Jul, Oct",Canadian
SBR,Sabine Royalty Trust,Energy,Oil and Gas Exploration and Production,928.9,0.47,Appears speculative,8.55,5,9.03,,,14,-26.0,14.0,5.0,0,0,2024-04-12,monthly,103,0.00,,0,Cut,-27,,Non-Qualified
KSS,Kohl's,Consumer Discretionary,Broadline Retail,2465.5,2.08,Appears speculative,5.81,54,9.00,9.3,9.3,40,0.0,-4.0,,0,3,2024-06-06,quarterly,70,0.65,4.26,9,,-44,"Apr, Jun, Sep, Dec",Qualified
WLKP,Westlake Chemical Partners LP,Materials,Commodity Chemicals,771.5,0.38,Appears speculative,8.16,5,8.61,,,40,0.0,3.0,,0,9,2024-05-13,quarterly,,0.29,0.82,9,,,"Feb, May, Aug, Nov",K-1
CBRL,Cracker Barrel,Consumer Discretionary,Restaurants,1350.7,1.00,Appears speculative,4.57,87,8.55,12.6,16.1,20,0.0,1.0,32.0,0,2,2024-04-11,quarterly,107,0.72,3.25,9,Maintained,-44,"Feb, May, Aug, Nov",Qualified
MPLX,MPLX,Energy,Oil and Gas Storage and Transportation,40287.2,0.21,Looks reasonably valued,9.37,-8,8.53,7.4,6.9,50,9.7,5.0,,11,11,2024-05-06,quarterly,62,0.59,2.98,10,,,"Feb, May, Aug, Nov",K-1
VTS,Vitesse Energy,Energy,Oil and Gas Exploration and Production,702.5,0.91,Appears speculative,8.88,-5,8.39,12.3,9.8,30,0.0,,,1,1,2024-06-14,quarterly,110,0.13,0.48,5,,,"Mar, Jun, Sep, Dec",Qualified
USAC,USA Compression Partners,Energy,Oil and Gas Equipment and Services,2583.3,0.42,Appears speculative,12.18,-31,8.37,8.3,7.3,20,0.0,0.0,,0,6,2024-04-19,quarterly,75,0.93,4.13,4,,,"Feb, May, Aug, Nov",K-1
IMBBY,Imperial Brands PLC,Consumer Staples,Tobacco,18432.1,,Looks reasonably valued,8.48,-1,8.37,6.5,7.2,50,4.0,-5.0,6.0,3,3,2024-05-28,quarterly,52,0.59,2.18,10,Increased,,"Jan, Apr, Jul, Oct",Qualified
SPOK,Spok,Communications,Wireless Telecommunication Services,304.1,0.97,Appears speculative,5.35,54,8.28,14.8,15.8,20,0.0,20.0,,0,10,2024-05-24,quarterly,124,0.00,0.00,9,Cut,-28,"Mar, Jun, Sep, Dec",Qualified
ET,Energy Transfer,Energy,Oil and Gas Storage and Transportation,51290.9,0.49,Looks reasonably valued,8.90,-7,8.27,5.9,4.9,50,0.8,0.0,,2,2,2024-05-06,quarterly,52,0.54,3.56,5,Increased,-44,"Feb, May, Aug, Nov",K-1
SFL,SFL,Energy,Oil and Gas Storage and Transportation,1590.7,0.65,Appears speculative,9.20,-10,8.22,11.3,10.8,5,4.0,-7.0,,2,2,2024-06-17,quarterly,155,0.70,4.50,5,Cut,-82,"Mar, Jun, Sep, Dec",Qualified
EPM,Evolution Petroleum,Energy,Oil and Gas Exploration and Production,192.8,0.82,Appears speculative,6.02,35,8.15,15.5,10.3,30,0.0,7.0,,2,2,2024-06-14,quarterly,98,0.00,0.00,8,,-57,"Mar, Jun, Sep, Dec",Qualified
VGR,Vector Group Ltd.,Consumer Staples,Tobacco,1565.8,0.96,Appears speculative,7.24,11,8.06,8.0,10.5,30,0.0,-11.0,1.0,0,3,2024-06-17,quarterly,65,,2.59,10,Increased,-40,"Mar, Jun, Sep, Dec",Qualified
ENB,Enbridge,Energy,Oil and Gas Storage and Transportation,71747.7,0.69,May be undervalued,6.83,16,7.99,8.6,9.8,70,3.1,6.0,11.0,28,71,2024-05-13,quarterly,66,0.54,4.49,6,Increased,-23,"Mar, Jun, Sep, Dec",Canadian
TRP,TC Energy,Energy,Oil and Gas Storage and Transportation,37330.3,0.57,May be undervalued,5.65,39,7.86,7.2,9.1,61,3.2,6.0,6.0,23,23,2024-03-27,quarterly,52,0.60,5.28,1,Increased,-41,"Jan, Apr, Jul, Oct",Canadian
NS,NuStar Energy L.P.,Energy,Oil and Gas Storage and Transportation,2605.4,0.57,Appears speculative,9.66,-19,7.77,6.6,5.5,29,0.0,-8.0,-3.0,0,3,2024-05-06,quarterly,57,0.77,4.54,7,Increased,-25,"Feb, May, Aug, Nov",K-1
CWEN.A,Clearway Energy,Utilities,Renewable Electricity,2579.9,1.17,May be undervalued,4.70,63,7.68,10.7,15.1,60,8.0,4.0,,4,4,2024-05-31,quarterly,,0.62,6.60,10,,,"Mar, Jun, Sep, Dec",Qualified
AQN,Algonquin Power & Utilities,Utilities,Multi-Utilities,4012.3,1.08,Appears speculative,4.67,59,7.46,11.0,18.9,30,0.0,-3.0,-4.0,0,0,2024-06-28,quarterly,83,0.55,6.48,3,,,"Jan, Apr, Jul, Oct",Canadian
HESM,Hess Midstream,Energy,Oil and Gas Storage and Transportation,2770.1,0.43,Appears speculative,7.88,-7,7.32,8.1,8.5,40,9.0,12.0,,6,6,2024-05-03,quarterly,44,0.90,2.79,7,,,"Feb, May, Aug, Nov",Qualified
PAA,Plains All American Pipeline,Energy,Oil and Gas Storage and Transportation,12275.8,0.68,Looks reasonably valued,7.61,-4,7.25,6.9,5.4,48,19.0,-1.0,0.0,2,3,2024-04-30,quarterly,46,0.36,2.73,7,Increased,-28,"Feb, May, Aug, Nov",K-1
EPD,Enterprise Products Partners,Energy,Oil and Gas Storage and Transportation,61816.7,0.30,Looks reasonably valued,7.60,-4,7.23,7.9,7.6,65,5.0,3.0,5.0,25,25,2024-04-29,quarterly,58,0.50,2.89,10,Increased,-37,"Feb, May, Aug, Nov",K-1
CWEN,Clearway Energy,Utilities,Renewable Electricity,2579.9,1.14,May be undervalued,4.42,62,7.17,11.6,12.7,60,8.0,4.0,,4,4,2024-05-31,quarterly,,0.62,6.60,10,,,"Mar, Jun, Sep, Dec",Qualified
BGS,B&G Foods,Consumer Staples,Packaged Foods and Meats,843.5,0.84,Appears speculative,6.92,2,7.12,12.1,12.9,20,0.0,-17.0,,0,0,2024-03-27,quarterly,77,0.71,6.26,8,Cut,-66,"Jan, Apr, Jul, Oct",Qualified
TU,Telus,Communications,Integrated Telecommunication Services,23273.5,0.80,May be undervalued,4.75,49,7.10,20.4,22.1,72,7.0,7.0,12.0,20,21,2024-06-10,quarterly,156,0.65,3.99,7,Increased,-58,"Jan, Apr, Jul, Oct",Canadian
GSL,Global Ship Lease,Industrials,Marine Transportation,750.5,0.75,Appears speculative,8.48,-17,7.01,2.5,3.0,40,0.0,,,0,2,2024-05-23,quarterly,17,0.35,1.41,8,,,"Mar, Jun, Sep, Dec",Qualified
SPH,Suburban Propane Partners,Utilities,Gas Utilities,1197.2,0.48,Appears speculative,8.46,-17,6.95,6.3,5.1,30,0.0,-12.0,-3.0,0,2,2024-05-01,quarterly,46,0.72,4.22,10,Increased,-22,"Feb, May, Aug, Nov",K-1
BEP,Brookfield Renewable Partners,Utilities,Renewable Electricity,9932.8,1.24,May be undervalued,4.33,59,6.92,13.6,23.5,50,5.2,5.0,1.0,5,5,2024-05-30,quarterly,39,0.49,12.19,7,,-42,"Mar, Jun, Sep, Dec",K-1
PAGP,Plains GP Holdings,Energy,Oil and Gas Storage and Transportation,3645.2,0.70,Looks reasonably valued,7.29,-5,6.87,7.6,5.7,50,19.0,-1.0,,2,3,2024-04-30,quarterly,46,0.34,2.83,8,,,"Feb, May, Aug, Nov",Qualified
T,AT&T,Communications,Integrated Telecommunication Services,116161.3,0.34,Looks reasonably valued,6.75,1,6.83,7.4,8.4,60,0.0,-11.0,0.0,0,1,2024-04-09,quarterly,46,0.57,3.13,10,Increased,-45,"Feb, May, Aug, Nov",Qualified
WES,Western Midstream Partners,Energy,Oil and Gas Storage and Transportation,13027.8,0.79,Could be overvalued,7.83,-14,6.72,7.1,5.9,50,2.2,-1.0,,3,3,2024-04-30,quarterly,53,0.72,3.23,6,,,"Feb, May, Aug, Nov",K-1
CQP,Cheniere Energy Partners,Energy,Oil and Gas Storage and Transportation,22338.5,0.34,Looks reasonably valued,6.21,8,6.72,9.1,11.4,60,0.0,13.0,,0,0,2024-05-06,quarterly,70,,4.14,6,Maintained,-63,"Feb, May, Aug, Nov",K-1
VZ,Verizon,Communications,Integrated Telecommunication Services,168863.1,0.44,May be undervalued,4.75,39,6.63,8.7,10.1,70,1.9,2.0,3.0,17,40,2024-04-09,quarterly,56,0.66,3.27,9,Increased,-39,"Feb, May, Aug, Nov",Qualified
KRO,Kronos Worldwide,Materials,Commodity Chemicals,1320.5,1.67,Appears speculative,5.71,15,6.62,34.8,14.3,31,0.0,2.0,13.0,0,13,2024-06-03,quarterly,-177,0.34,2.50,9,Cut,-67,"Mar, Jun, Sep, Dec",Qualified
MMM,3M,Industrials,Industrial Conglomerates,50521.9,,Appears speculative,3.78,74,6.62,12.2,16.6,40,0.7,2.0,8.0,64,108,2024-05-20,quarterly,65,0.70,1.54,10,Increased,-54,"Mar, Jun, Sep, Dec",Qualified
AM,Antero Midstream,Energy,Oil and Gas Storage and Transportation,6553.2,0.73,Could be overvalued,9.14,-27,6.59,7.8,7.1,50,0.0,11.0,,0,2,2024-04-23,quarterly,76,0.60,3.06,7,,,"Feb, May, Aug, Nov",Qualified
WHR,Whirlpool,Consumer Discretionary,Household Appliances,5801.8,1.54,May be undervalued,3.66,79,6.57,7.8,8.9,50,0.0,9.0,9.0,0,68,2024-05-20,quarterly,43,0.72,3.80,10,Maintained,-78,"Mar, Jun, Sep, Dec",Qualified
SUN,Sunoco,Energy,Oil and Gas Refining and Marketing,4371.7,0.44,Could be overvalued,8.72,-25,6.50,7.2,7.1,50,2.0,0.0,,1,9,2024-05-06,quarterly,43,0.81,2.92,9,,,"Feb, May, Aug, Nov",K-1
RIO,Rio Tinto Group,Materials,Diversified Metals and Mining,116032.7,1.19,Appears speculative,6.62,-1,6.50,9.1,8.2,40,-11.0,8.0,10.0,0,0,2024-03-07,semiannual,60,0.10,0.24,10,Cut,-71,"Apr, Sep",Qualified
PFE,Pfizer,Healthcare,Pharmaceuticals,146716.4,0.38,May be undervalued,3.96,63,6.48,11.7,12.0,75,2.4,4.0,5.0,13,13,2024-05-13,quarterly,90,0.41,2.97,10,Cut,-45,"Mar, Jun, Sep, Dec",Qualified
UVV,Universal,Consumer Staples,Tobacco,1214.9,0.55,Looks reasonably valued,5.99,8,6.47,,,60,1.3,8.0,4.0,53,53,2024-04-05,quarterly,60,0.40,3.31,6,Increased,-48,"Feb, May, Aug, Nov",Qualified
SGU,Star Group,Utilities,Gas Utilities,358.2,0.57,May be undervalued,5.43,18,6.45,,10.8,50,6.6,7.0,-6.0,11,14,2024-04-22,quarterly,81,0.50,2.27,10,,-43,"Jan, May, Jul, Oct",Qualified
BEPC,Brookfield Renewable Corporation,Utilities,Renewable Electricity,8236.7,1.25,May be undervalued,3.56,81,6.45,,,50,5.2,,,3,3,2024-05-30,quarterly,27,0.48,6.14,3,,,"Mar, Jun, Sep, Dec",Canadian
BIP,Brookfield Infrastructure Partners,Utilities,Multi-Utilities,11716.9,1.51,May be undervalued,4.11,55,6.38,15.7,17.8,65,5.9,4.0,,15,15,2024-05-30,quarterly,,0.58,11.37,10,Maintained,,"Mar, Jun, Sep, Dec",K-1
UGI,UGI,Utilities,Gas Utilities,4928.6,1.19,May be undervalued,3.68,73,6.38,8.0,12.8,60,4.2,8.0,7.0,36,139,2024-06-14,quarterly,51,0.62,4.02,9,Increased,-17,"Jan, Apr, Jul, Oct",Qualified
OGN,Organon,Healthcare,Pharmaceuticals,4527.4,1.22,Appears speculative,4.25,48,6.32,4.1,5.2,40,0.0,,,0,2,2024-05-13,quarterly,27,,4.02,5,,,"Mar, Jun, Sep, Dec",Qualified
KMI,Kinder Morgan,Energy,Oil and Gas Storage and Transportation,39882.1,0.59,Looks reasonably valued,6.36,-1,6.29,8.0,8.2,61,1.8,7.0,,6,7,2024-04-30,quarterly,54,0.51,3.97,9,,,"Feb, May, Aug, Nov",Qualified
DLX,Deluxe,Industrials,Commercial Printing,840.5,1.61,May be undervalued,4.48,40,6.29,5.9,6.3,50,0.0,0.0,-1.0,0,16,2024-05-20,quarterly,36,0.73,3.79,10,Maintained,-81,"Mar, Jun, Sep, Dec",Qualified
BGFV,Big 5 Sporting Goods,Consumer Discretionary,Other Specialty Retail,69.6,1.26,Appears speculative,7.78,-19,6.27,,8.5,30,-60.0,12.0,,0,0,2024-05-31,quarterly,-250,0.52,2.42,8,Cut,-74,"Mar, Jun, Sep, Dec",Qualified
EMRAF,Emera Incorporated,Utilities,Electric Utilities,9698.5,,May be undervalued,4.53,36,6.19,,,51,4.0,4.0,6.0,17,25,2024-04-30,quarterly,96,0.61,6.14,2,Increased,,"Feb, May, Aug, Nov",Canadian
GLP,Global Partners,Energy,Oil and Gas Storage and Transportation,1540.0,0.78,Appears speculative,9.68,-36,6.16,8.6,7.9,25,10.0,7.0,,3,3,2024-05-08,quarterly,68,0.65,3.31,7,Maintained,-63,"Feb, May, Aug, Nov",K-1
CCOI,Cogent Communications Holdings,Communications,Alternative Carriers,3011.4,0.59,May be undervalued,4.87,25,6.12,-15.8,64.7,60,6.0,12.0,,11,11,2024-05-17,quarterly,17,0.75,4.19,9,,-81,"Apr, Jun, Sep, Dec",Qualified
CDUAF,Canadian Utilities,Utilities,Multi-Utilities,5925.2,,May be undervalued,5.02,21,6.12,,,70,1.0,3.0,6.0,28,28,2024-05-01,quarterly,83,0.59,5.17,7,Increased,,"Mar, Jun, Sep, Dec",Canadian
XRX,Xerox,Information Technology,"Technology Hardware, Storage and Peripherals",2032.9,1.11,Appears speculative,5.29,15,6.11,7.7,10.3,40,0.0,0.0,,0,6,2024-03-27,quarterly,55,0.39,2.36,9,,,"Jan, Apr, Jul, Oct",Qualified
BTG,B2Gold,Materials,Gold,3544.2,0.69,May be undervalued,3.96,49,5.90,12.3,11.1,50,0.0,,,0,4,2024-06-17,quarterly,55,0.09,0.40,6,,,"Mar, Jun, Sep, Dec",Canadian
PM,Philip Morris International,Consumer Staples,Tobacco,137733.2,0.56,Looks reasonably valued,5.44,7,5.87,13.9,15.2,64,2.4,3.0,,15,15,2024-06-24,quarterly,86,,2.99,10,Increased,,"Jan, Apr, Jul, Oct",Qualified
KEYUF,Keyera,Energy,Oil and Gas Storage and Transportation,5853.1,,Looks reasonably valued,6.26,-7,5.80,,,60,4.2,3.0,,1,19,2024-06-14,quarterly,54,0.61,3.91,4,Maintained,,"Mar, Jun, Sep, Dec",Canadian
CVI,CVR Energy,Energy,Oil and Gas Refining and Marketing,3469.3,0.71,Appears speculative,6.38,-9,5.80,12.9,9.6,30,0.0,-6.0,,1,1,2024-05-13,quarterly,36,0.61,1.94,9,,,"Mar, May, Aug, Nov",Qualified
PBA,Pembina Pipeline,Energy,Oil and Gas Storage and Transportation,19984.5,0.72,Looks reasonably valued,6.04,-4,5.74,9.8,9.9,80,2.3,3.0,5.0,2,27,2024-06-14,quarterly,56,0.41,2.76,6,Maintained,,"Mar, Jun, Sep, Dec",Canadian
TEF,"TelefÃ³nica, S.A.",Communications,Integrated Telecommunication Services,23507.8,0.59,Appears speculative,5.84,-2,5.69,13.6,12.0,40,0.0,-6.0,-1.0,0,2,2024-06-13,semiannual,-144,0.59,3.01,10,Increased,-32,"Jan, Jul",Foreign
WBA,Walgreens Boots Alliance,Consumer Staples,Drug Retail,15226.9,0.86,Appears speculative,4.36,29,5.67,6.1,8.6,30,-48.0,3.0,13.0,0,0,2024-05-20,quarterly,48,0.69,3.84,10,Increased,-44,"Mar, Jun, Sep, Dec",Qualified
EMBC,Embecta,Healthcare,Health Care Supplies,609.8,1.30,May be undervalued,2.52,124,5.67,5.3,9.9,50,0.0,,,1,1,2024-05-28,quarterly,23,,4.22,4,,,"Mar, Jun, Sep, Dec",Qualified
AVA,Avista,Utilities,Multi-Utilities,2645.8,0.67,May be undervalued,4.16,34,5.61,13.9,19.0,65,3.3,4.0,7.0,21,24,2024-05-28,quarterly,82,0.55,5.03,0,Increased,-37,"Mar, Jun, Sep, Dec",Qualified
AMCR,Amcor,Materials,Paper and Plastic Packaging Products and Materials,12912.4,0.91,May be undervalued,4.24,31,5.59,12.7,14.9,50,2.0,2.0,2.0,40,40,2024-05-23,quarterly,73,0.65,3.36,10,Increased,,"Mar, Jun, Sep, Dec",Qualified
D,Dominion Energy,Utilities,Multi-Utilities,40137.5,0.56,May be undervalued,4.48,24,5.57,17.4,18.5,70,0.0,-4.0,4.0,0,2,2024-06-03,quarterly,103,0.62,6.25,1,Increased,-35,"Mar, Jun, Sep, Dec",Qualified
BIPC,Brookfield Infrastructure Corporation,Utilities,Gas Utilities,4200.7,1.40,May be undervalued,3.34,65,5.52,,,65,5.9,,,15,15,2024-05-30,quarterly,-511,0.74,1.57,4,,,"Mar, Jun, Sep, Dec",Canadian
NWN,Northwest Natural,Utilities,Gas Utilities,1358.7,0.54,May be undervalued,3.90,39,5.46,15.5,19.2,61,0.5,1.0,2.0,69,69,2024-04-29,quarterly,75,0.59,5.77,3,Increased,-10,"Feb, May, Aug, Nov",Qualified
ACLLF,ATCO,Utilities,Multi-Utilities,2998.5,,May be undervalued,4.32,26,5.45,,,70,3.0,5.0,9.0,28,28,2024-05-30,quarterly,51,0.56,4.80,7,Increased,,"Mar, Jun, Sep, Dec",Canadian
PLOW,Douglas Dynamics,Industrials,Construction Machinery and Heavy Transportation Equipment,497.6,1.15,May be undervalued,3.09,76,5.45,14.8,18.8,60,0.0,2.0,,13,13,2024-06-17,quarterly,118,0.50,2.42,10,,,"Mar, Jun, Sep, Dec",Qualified
NGG,National Grid plc,Utilities,Multi-Utilities,47462.9,0.38,Looks reasonably valued,5.18,4,5.43,14.2,15.2,45,9.0,4.0,5.0,5,5,2024-06-03,semiannual,103,0.60,6.07,9,Increased,-49,"Jan, Aug",Qualified
NWE,NorthWestern Energy Group,Utilities,Multi-Utilities,2969.4,0.92,May be undervalued,4.30,24,5.37,13.8,16.7,61,1.6,3.0,,18,18,2024-06-14,quarterly,78,0.51,5.00,3,Increased,,"Mar, Jun, Sep, Dec",Qualified
WEN,Wendy's,Consumer Discretionary,Restaurants,3852.6,0.52,May be undervalued,2.20,141,5.33,18.8,27.8,50,0.0,24.0,11.0,3,3,2024-05-31,quarterly,103,0.92,7.47,9,Cut,-68,"Mar, Jun, Sep, Dec",Qualified
ORAN,Orange S.A.,Communications,Integrated Telecommunication Services,29270.3,0.09,Appears speculative,4.93,6,5.26,8.0,9.7,30,3.0,1.0,5.0,1,4,2024-06-03,semiannual,84,0.52,2.86,10,Maintained,-30,"Jun, Dec",Foreign
EBF,Ennis,Industrials,Commercial Printing,492.4,0.55,Looks reasonably valued,4.83,8,5.25,11.8,13.6,61,0.0,5.0,2.0,2,49,2024-04-12,quarterly,65,0.00,0.00,10,Maintained,-64,"Feb, May, Aug, Nov",Qualified
WPP,WPP plc,Communications,Advertising,10195.2,0.93,May be undervalued,4.28,20,5.17,8.5,10.1,70,0.0,-8.0,9.0,0,4,2024-06-07,semiannual,42,0.58,2.29,10,Increased,-63,"Jul, Nov",Qualified
SR,Spire,Utilities,Gas Utilities,3370.8,0.60,May be undervalued,3.96,30,5.17,13.0,17.0,68,4.9,5.0,4.0,20,31,2024-06-10,quarterly,73,0.61,6.20,2,Increased,13,"Jan, Apr, Jul, Oct",Qualified
EVRG,Evergy,Utilities,Electric Utilities,11576.9,0.43,May be undervalued,3.55,43,5.10,13.2,18.2,87,4.9,7.0,6.0,20,20,2024-05-20,quarterly,70,0.59,4.68,5,Increased,,"Mar, Jun, Sep, Dec",Qualified
BHP,BHP Group Limited,Materials,Diversified Metals and Mining,149513.8,1.30,Appears speculative,5.82,-12,5.10,11.4,13.2,40,-48.0,8.0,13.0,0,0,2024-09-09,semiannual,58,0.31,0.66,10,Increased,-53,"Mar, Sep",Qualified
OGE,OGE Energy,Utilities,Electric Utilities,6582.9,0.50,May be undervalued,4.61,10,5.09,15.5,16.1,70,1.0,4.0,5.0,17,77,2024-04-05,quarterly,80,0.52,3.91,6,Increased,-31,"Jan, Apr, Jul, Oct",Qualified
OKE,ONEOK,Energy,Oil and Gas Storage and Transportation,45436.3,0.71,Could be overvalued,5.94,-14,5.09,10.1,9.9,60,3.7,3.0,13.0,2,35,2024-04-30,quarterly,45,0.57,3.51,6,Increased,-60,"Feb, May, Aug, Nov",Qualified
HAS,Hasbro,Consumer Discretionary,Leisure Products,7738.3,1.14,May be undervalued,3.29,52,5.04,16.8,18.7,50,0.0,2.0,17.0,0,22,2024-04-30,quarterly,111,0.74,2.98,10,Maintained,-24,"Feb, May, Aug, Nov",Qualified
IP,International Paper,Materials,Paper and Plastic Packaging Products and Materials,12723.8,0.48,Looks reasonably valued,4.71,6,5.03,16.7,12.2,70,0.0,-1.0,3.0,0,1,2024-05-28,quarterly,85,0.38,2.02,10,Cut,-87,"Mar, Jun, Sep, Dec",Qualified
WMB,Williams,Energy,Oil and Gas Storage and Transportation,46105.2,0.57,Could be overvalued,5.93,-15,5.02,10.1,9.0,60,6.1,6.0,21.0,6,6,2024-06-10,quarterly,50,0.62,3.49,8,Maintained,-71,"Mar, Jun, Sep, Dec",Qualified
BKH,Black Hills,Utilities,Multi-Utilities,3551.1,0.71,May be undervalued,3.53,41,5.00,13.3,17.0,77,4.0,5.0,4.0,53,53,2024-05-17,quarterly,64,0.57,5.77,4,Increased,-64,"Mar, Jun, Sep, Dec",Qualified
LYB,LyondellBasell,Materials,Commodity Chemicals,32693.6,0.79,Looks reasonably valued,5.06,-1,4.98,12.0,8.6,51,5.0,4.0,,11,11,2024-05-28,quarterly,57,0.45,1.83,10,,,"Mar, Jun, Sep, Dec",Qualified
TDS,Telephone and Data Systems,Communications,Wireless Telecommunication Services,1735.7,0.52,Appears speculative,3.65,35,4.95,,23.9,40,2.7,3.0,5.0,49,49,2024-06-14,quarterly,-15,0.45,3.35,5,Increased,-65,"Mar, Jun, Sep, Dec",Qualified
BMY,Bristol-Myers Squibb,Healthcare,Pharmaceuticals,98318.1,0.44,May be undervalued,3.15,57,4.95,88.3,9.0,70,5.3,7.0,4.0,17,53,2024-04-04,quarterly,31,0.50,1.60,10,Maintained,-32,"Feb, May, Aug, Nov",Qualified
BBY,Best Buy,Consumer Discretionary,Computer and Electronics Retail,16431.4,1.21,May be undervalued,2.96,66,4.93,12.6,12.6,60,2.2,15.0,18.0,20,20,2024-06-14,quarterly,58,0.45,0.70,10,Increased,-49,"Jan, Apr, Jul, Oct",Qualified
PBI,Pitney Bowes,Industrials,Office Services and Supplies,718.5,1.70,Appears speculative,4.69,4,4.91,407.0,16.8,20,0.0,-23.0,-9.0,0,4,2024-05-22,quarterly,500,,4.87,9,Increased,-58,"Mar, Jun, Sep, Dec",Qualified
ES,Eversource Energy,Utilities,Electric Utilities,20426.3,0.74,May be undervalued,2.87,71,4.91,12.7,21.2,88,5.9,6.0,8.0,24,24,2024-05-17,quarterly,62,0.65,6.28,2,Increased,-30,"Mar, Jun, Sep, Dec",Qualified
F,Ford,Consumer Discretionary,Automobile Manufacturers,48825.9,1.33,Looks reasonably valued,4.91,0,4.91,6.5,7.6,50,0.0,0.0,2.0,2,2,2024-04-25,quarterly,30,0.33,1.36,9,,-79,"Mar, Jun, Sep, Dec",Qualified
AGR,Avangrid,Utilities,Electric Utilities,13900.9,0.93,May be undervalued,3.76,30,4.90,16.0,21.0,45,0.0,0.0,3.0,0,7,2024-06-03,quarterly,84,0.38,5.15,3,,,"Jan, Apr, Jul, Oct",Qualified
DOW,Dow,Materials,Commodity Chemicals,40311.3,0.90,Looks reasonably valued,5.24,-6,4.88,19.2,13.9,45,0.0,,,0,4,2024-05-31,quarterly,125,0.44,1.92,6,,,"Mar, Jun, Sep, Dec",Qualified
PNW,Pinnacle West Capital,Utilities,Electric Utilities,8884.1,0.37,May be undervalued,4.35,12,4.88,15.3,17.1,70,1.7,4.0,4.0,12,30,2024-04-30,quarterly,79,0.62,4.97,3,Maintained,-40,"Mar, Jun, Sep, Dec",Qualified
ALE,ALLETE,Utilities,Electric Utilities,3331.9,0.50,May be undervalued,4.16,17,4.88,14.9,17.1,75,4.1,4.0,-1.0,13,18,2024-05-13,quarterly,63,0.36,3.78,6,Increased,-45,"Mar, Jun, Sep, Dec",Qualified
BASFY,BASF SE,Materials,Diversified Chemicals,49078.8,,Looks reasonably valued,4.46,8,4.84,14.5,12.7,50,0.0,1.0,8.0,0,14,2024-04-26,annual,122,0.37,2.60,10,Cut,,May,Foreign
ETRN,Equitrans Midstream,Energy,Oil and Gas Storage and Transportation,5386.1,0.83,Could be overvalued,7.39,-34,4.83,7.2,4.3,50,0.0,8.0,,0,3,2024-05-06,quarterly,35,0.77,5.59,6,,,"Feb, May, Aug, Nov",Qualified
DTM,DT Midstream,Energy,Oil and Gas Storage and Transportation,6039.2,0.54,Looks reasonably valued,5.01,-5,4.73,8.6,8.1,50,6.5,,,2,2,2024-06-17,quarterly,39,0.43,3.26,5,,,"Jan, Apr, Jul, Oct",Qualified
CAG,Conagra Brands,Consumer Staples,Packaged Foods and Meats,14227.1,0.27,May be undervalued,3.51,34,4.70,11.1,13.6,41,6.1,9.0,2.0,3,5,2024-04-29,quarterly,51,0.48,3.58,10,Cut,-40,"Feb, May, Aug, Nov",Qualified
FTS,Fortis,Utilities,Electric Utilities,18500.8,0.52,May be undervalued,3.70,26,4.67,15.8,19.6,62,4.4,6.0,8.0,50,50,2024-05-16,quarterly,76,0.56,5.54,0,Increased,,"Mar, Jun, Sep, Dec",Canadian
POR,Portland General Electric,Utilities,Electric Utilities,4136.9,0.56,May be undervalued,3.62,28,4.65,13.3,18.2,73,5.0,6.0,,17,17,2024-06-24,quarterly,79,0.58,4.22,2,Increased,-37,"Jan, Apr, Jul, Oct",Qualified
ETD,Ethan Allen,Consumer Discretionary,Home Furnishings,789.9,1.13,Looks reasonably valued,4.66,0,4.63,11.0,9.6,50,13.0,12.0,9.0,3,3,2024-05-08,quarterly,45,0.00,0.00,10,Cut,-79,"Feb, May, Aug, Nov",Qualified
EIX,Edison International,Utilities,Electric Utilities,26112.1,0.61,Looks reasonably valued,4.36,5,4.60,13.7,13.8,60,5.8,4.0,14.0,20,20,2024-03-27,quarterly,63,0.66,3.68,1,Increased,-57,"Jan, Apr, Jul, Oct",Qualified
DVN,Devon,Energy,Oil and Gas Exploration and Production,33429.5,0.82,Looks reasonably valued,4.49,2,4.59,10.3,8.4,41,-44.0,57.0,18.0,0,0,2024-06-14,quarterly,50,0.32,0.81,7,Maintained,-55,"Mar, Jun, Sep, Dec",Qualified
SPTN,SpartanNash Company,Consumer Staples,Food Distributors,657.6,0.20,May be undervalued,3.86,18,4.56,9.4,11.0,50,1.2,4.0,,12,17,2024-06-14,quarterly,39,0.52,2.63,8,Maintained,-41,"Mar, Jun, Sep, Dec",Qualified
GILD,Gilead Sciences,Healthcare,Biotechnology,84482.2,0.48,May be undervalued,3.98,14,4.55,9.6,10.2,70,2.7,6.0,,8,8,2024-06-14,quarterly,45,0.43,1.24,10,,4,"Mar, Jun, Sep, Dec",Qualified
FE,FirstEnergy,Utilities,Electric Utilities,21524.3,0.46,May be undervalued,4.01,13,4.55,13.9,15.2,43,3.7,2.0,0.0,1,9,2024-05-06,quarterly,61,0.71,6.36,6,Maintained,-42,"Mar, Jun, Sep, Dec",Qualified
TNL,Travel + Leisure Co.,Consumer Discretionary,"Hotels, Resorts and Cruise Lines",3154.8,1.37,Appears speculative,3.90,15,4.52,8.1,8.5,26,11.0,-1.0,,2,2,2024-06-14,quarterly,31,,5.69,10,Maintained,-91,"Mar, Jun, Sep, Dec",Qualified
UPS,United Parcel Service,Industrials,Air Freight and Logistics,123576.8,1.18,May be undervalued,3.33,34,4.50,17.8,16.4,69,0.6,12.0,10.0,14,55,2024-05-13,quarterly,74,0.59,1.60,9,Maintained,-48,"Mar, Jun, Aug, Nov",Qualified
RHHBY,Roche Holding AG,Healthcare,Pharmaceuticals,198646.2,,May be undervalued,3.02,48,4.50,12.0,14.8,99,1.1,2.0,9.0,32,32,2025-03-14,annual,53,0.41,1.08,10,Increased,,Mar,Foreign
TTE,TotalEnergies SE,Energy,Integrated Oil and Gas,174646.4,0.45,Could be overvalued,5.64,-20,4.49,7.9,7.4,50,11.0,3.0,5.0,2,2,2024-06-17,quarterly,35,0.19,0.57,7,Maintained,-39,"Jan, Apr, Jul, Oct",Foreign
DAC,Danaos,Industrials,Marine Transportation,1405.5,0.49,Looks reasonably valued,4.40,0,4.42,2.4,2.2,50,6.7,,,2,2,2024-05-28,quarterly,11,0.02,0.08,10,,,"Mar, Jun, Sep, Dec",Qualified
ETR,Entergy,Utilities,Electric Utilities,21812.6,0.54,May be undervalued,3.75,17,4.42,14.2,17.1,77,5.6,4.0,5.0,9,24,2024-05-01,quarterly,64,0.64,5.23,2,Maintained,-45,"Mar, Jun, Sep, Dec",Qualified
BP,BP p.l.c.,Energy,Integrated Oil and Gas,108184.5,0.52,Looks reasonably valued,4.84,-8,4.41,8.0,7.5,50,0.1,-7.0,0.0,2,2,2024-05-13,quarterly,36,0.21,0.54,8,Maintained,-45,"Mar, Jun, Sep, Dec",Qualified
KHC,Kraft Heinz,Consumer Staples,Packaged Foods and Meats,44139.8,0.22,Looks reasonably valued,4.50,-1,4.41,11.9,13.3,60,0.0,-9.0,0.0,0,4,2024-06-05,quarterly,54,0.28,2.62,8,,,"Mar, Jun, Sep, Dec",Qualified
SNY,Sanofi,Healthcare,Pharmaceuticals,116019.9,0.26,May be undervalued,3.70,19,4.40,11.0,12.1,90,5.6,4.0,7.0,24,24,2024-05-09,annual,47,0.14,0.86,10,Increased,-42,May,Foreign
ENR,Energizer Holdings,Consumer Staples,Household Products,1963.2,0.96,May be undervalued,3.19,37,4.39,8.2,11.7,55,0.0,1.0,,0,8,2024-05-20,quarterly,40,0.95,5.00,9,,-68,"Mar, Jun, Sep, Dec",Qualified
CMP,Compass Minerals,Materials,Diversified Metals and Mining,566.8,1.56,Appears speculative,4.13,5,4.37,63.3,25.6,40,0.0,-27.0,-7.0,0,1,2024-06-10,quarterly,111,0.66,3.82,7,Increased,61,"Mar, Jun, Sep, Dec",Qualified
DUK,Duke Energy,Utilities,Electric Utilities,72617.5,0.37,Looks reasonably valued,4.15,5,4.36,15.7,17.9,80,2.0,2.0,1.0,16,16,2024-05-13,quarterly,73,0.62,5.75,1,Increased,-34,"Mar, Jun, Sep, Dec",Qualified
AEP,American Electric Power,Utilities,Electric Utilities,42606.4,0.48,May be undervalued,3.47,25,4.35,14.4,18.0,81,6.0,6.0,4.0,14,19,2024-05-09,quarterly,64,0.63,5.24,2,Maintained,-47,"Mar, Jun, Sep, Dec",Qualified
SU,Suncor Energy,Energy,Integrated Oil and Gas,47858.0,0.61,Looks reasonably valued,4.37,0,4.34,9.9,8.4,50,4.8,8.0,17.0,2,2,2024-06-03,quarterly,42,0.25,0.89,8,Increased,-51,"Mar, Jun, Sep, Dec",Canadian
IPG,Interpublic,Communications,Advertising,11478.2,0.90,Looks reasonably valued,3.99,8,4.34,10.6,12.2,70,6.5,8.0,,11,12,2024-06-05,quarterly,41,0.36,1.13,10,,-64,"Mar, Jun, Sep, Dec",Qualified
JWN,Nordstrom,Consumer Discretionary,Broadline Retail,2901.1,1.89,Appears speculative,4.06,5,4.28,9.8,9.8,30,0.0,-12.0,7.0,0,1,2024-05-28,quarterly,36,0.83,2.78,9,Maintained,-74,"Mar, Jun, Sep, Dec",Qualified
AES,AES Corporation,Utilities,Independent Power Producers and Energy Traders,11486.7,1.34,May be undervalued,2.93,45,4.27,8.5,13.2,49,4.0,5.0,,11,11,2024-04-30,quarterly,38,0.78,7.18,5,,-77,"Feb, May, Aug, Nov",Qualified
OGS,ONE Gas,Utilities,Gas Utilities,3505.6,0.59,May be undervalued,3.08,38,4.26,16.0,19.5,55,1.5,7.0,,9,9,2024-05-16,quarterly,63,0.53,4.43,4,,,"Mar, Jun, Sep, Dec",Qualified
VTRS,Viatris,Healthcare,Pharmaceuticals,13443.3,0.80,Looks reasonably valued,4.34,-2,4.24,4.1,3.7,50,0.0,,,0,2,2024-05-23,quarterly,16,0.46,3.52,10,,,"Mar, Jun, Sep, Dec",Qualified
WEC,WEC Energy,Utilities,Multi-Utilities,24894.6,0.41,May be undervalued,2.97,42,4.23,16.2,23.2,87,7.1,7.0,11.0,20,22,2024-05-13,quarterly,67,0.61,4.98,7,Increased,-18,"Mar, Jun, Sep, Dec",Qualified
NXST,Nexstar,Communications,Broadcasting,5344.2,1.41,May be undervalued,2.06,105,4.23,6.1,8.1,60,25.0,29.0,,10,10,2024-05-13,quarterly,54,0.76,3.30,10,,-95,"Feb, May, Aug, Nov",Qualified
TRN,Trinity Industries,Industrials,Construction Machinery and Heavy Transportation Equipment,2175.0,1.31,May be undervalued,3.58,17,4.22,18.3,17.9,42,7.7,15.0,14.0,13,21,2024-04-12,quarterly,77,0.59,2.29,4,Maintained,-82,"Jan, Apr, Jul, Oct",Qualified
EXC,Exelon,Utilities,Electric Utilities,36260.4,0.49,May be undervalued,3.38,23,4.19,14.8,15.4,80,5.6,1.0,2.0,1,1,2024-05-13,quarterly,61,0.64,5.57,1,Maintained,-41,"Mar, Jun, Sep, Dec",Qualified
KVUE,Kenvue,Consumer Staples,Personal Care Products,36627.2,0.61,Looks reasonably valued,3.88,7,4.18,16.6,17.1,70,,,,0,0,2024-05-13,quarterly,35,0.40,1.93,3,,,"Feb, May, Aug, Nov",Qualified
MAN,Manpower Group,Industrials,Human Resource and Employment Services,3413.7,0.99,May be undervalued,2.93,42,4.17,14.1,12.8,70,8.1,8.0,14.0,13,29,2024-05-31,semiannual,49,0.31,1.48,10,Maintained,-64,"Jun, Dec",Qualified
HUN,Huntsman,Materials,Diversified Chemicals,4155.3,1.12,May be undervalued,2.98,39,4.16,41.4,13.2,53,5.3,8.0,,3,16,2024-06-14,quarterly,264,0.32,2.83,9,Maintained,-91,"Mar, Jun, Sep, Dec",Qualified
CMRE,Costamare,Industrials,Marine Transportation,1315.1,1.09,Appears speculative,4.68,-11,4.16,3.9,4.2,30,0.0,3.0,,0,6,2024-04-18,quarterly,22,0.43,3.22,8,,,"Feb, May, Aug, Nov",Qualified
CVX,Chevron,Energy,Integrated Oil and Gas,291119.2,0.45,Looks reasonably valued,4.10,0,4.14,12.2,12.3,90,7.9,6.0,7.0,36,112,2024-05-20,quarterly,46,0.11,0.36,7,Increased,-34,"Mar, Jun, Sep, Dec",Qualified
EQNR,Equinor ASA,Energy,Integrated Oil and Gas,81280.9,0.53,May be undervalued,2.92,41,4.13,8.9,9.5,48,39.0,6.0,-4.0,3,3,2024-05-15,quarterly,37,0.00,0.00,8,Cut,-48,"Feb, May, Aug, Nov",Foreign
NTR,Nutrien,Materials,Fertilizers and Agricultural Chemicals,25901.1,1.11,May be undervalued,3.35,23,4.13,13.1,12.7,41,1.9,5.0,20.0,6,6,2024-06-28,quarterly,49,0.33,2.19,10,,,"Jan, Apr, Jul, Oct",Canadian
XEL,Xcel Energy,Utilities,Electric Utilities,29534.4,0.35,May be undervalued,2.74,50,4.12,14.9,21.9,50,5.3,6.0,5.0,20,20,2024-03-14,quarterly,62,0.61,4.67,0,Increased,-22,"Jan, Apr, Jul, Oct",Qualified
PDCO,Patterson Companies,Healthcare,Health Care Distributors,2271.2,0.68,May be undervalued,3.68,11,4.10,10.5,13.8,50,0.0,0.0,,0,13,2024-04-18,quarterly,45,0.44,1.89,5,,-59,"Feb, May, Aug, Nov",Qualified
SO,Southern Company,Utilities,Electric Utilities,74793.6,0.38,Looks reasonably valued,4.09,0,4.09,17.1,18.7,65,2.9,3.0,4.0,22,76,2024-05-13,quarterly,76,0.64,5.47,2,Increased,-23,"Mar, Jun, Sep, Dec",Qualified
FMC,FMC Corporation,Materials,Fertilizers and Agricultural Chemicals,7082.1,1.15,May be undervalued,1.87,118,4.09,14.8,14.8,50,0.0,21.0,,6,17,2024-03-27,quarterly,61,0.46,3.72,8,Maintained,-33,"Jan, Apr, Jul, Oct",Qualified
PXD,Pioneer Natural Resources,Energy,Oil and Gas Exploration and Production,62844.6,0.40,May be undervalued,2.63,54,4.07,12.8,11.1,55,-45.0,113.0,,0,0,2024-05-31,quarterly,67,0.19,0.52,5,Cut,-74,"Mar, Jun, Sep, Dec",Qualified
K,Kellanova,Consumer Staples,Packaged Foods and Meats,18933.5,0.21,May be undervalued,3.59,12,4.04,15.5,16.2,66,-6.7,1.0,4.0,0,0,2024-05-31,quarterly,56,0.67,2.82,9,Increased,-32,"Mar, Jun, Sep, Dec",Qualified
NJR,New Jersey Resources,Utilities,Gas Utilities,4087.5,0.56,May be undervalued,3.39,19,4.04,13.9,17.7,74,7.7,7.0,7.0,28,72,2024-06-13,quarterly,70,0.62,5.13,3,Increased,-5,"Jan, Apr, Jul, Oct",Qualified
FLO,Flowers Foods,Consumer Staples,Packaged Foods and Meats,4837.0,0.21,May be undervalued,3.39,18,4.02,18.5,21.2,62,4.5,5.0,14.0,21,21,2024-06-07,quarterly,76,0.50,2.08,10,Increased,-1,"Mar, Jun, Sep, Dec",Qualified
LNT,Alliant Energy,Utilities,Electric Utilities,12306.1,0.54,May be undervalued,2.95,35,4.00,15.6,21.3,63,6.1,6.0,7.0,20,20,2024-04-29,quarterly,64,0.59,5.12,0,Increased,-41,"Feb, May, Aug, Nov",Qualified
NVS,Novartis AG,Healthcare,Pharmaceuticals,207638.9,0.32,May be undervalued,3.65,9,3.99,13.4,14.2,61,3.1,7.0,8.0,5,5,2025-03-07,annual,58,0.21,0.67,10,Increased,-31,Mar,Foreign
CNQ,Canadian Natural,Energy,Oil and Gas Exploration and Production,83103.9,0.82,Could be overvalued,4.44,-10,3.99,14.3,9.9,70,5.0,23.0,22.0,22,22,2024-06-17,quarterly,49,0.27,0.85,8,Increased,-55,"Jan, Apr, Jul, Oct",Canadian
FANG,Diamondback Energy,Energy,Oil and Gas Exploration and Production,36644.0,0.57,May be undervalued,2.90,36,3.95,11.4,8.1,50,-28.0,75.0,,0,0,2024-05-10,quarterly,45,0.26,0.97,4,,,"Mar, May, Aug, Nov",Qualified
NI,NiSource,Utilities,Multi-Utilities,12020.4,0.49,May be undervalued,3.49,13,3.95,15.6,18.0,60,6.0,5.0,0.0,7,7,2024-04-29,quarterly,63,0.54,4.71,2,Maintained,-56,"Feb, May, Aug, Nov",Qualified
ENLC,"EnLink Midstream, LLC",Energy,Oil and Gas Storage and Transportation,6046.6,0.72,Appears speculative,5.70,-30,3.94,6.5,4.9,37,6.0,-14.0,,3,3,2024-04-25,quarterly,28,0.64,3.19,8,Cut,-97,"Feb, May, Aug, Nov",Qualified
HPQ,HP,Information Technology,"Technology Hardware, Storage and Peripherals",27358.3,0.95,May be undervalued,3.40,16,3.94,8.0,8.6,74,5.0,13.0,6.0,7,7,2024-06-13,quarterly,32,,1.53,10,Maintained,-51,"Jan, Apr, Jul, Oct",Qualified
UL,Unilever,Consumer Staples,Personal Care Products,117446.7,0.37,May be undervalued,3.58,10,3.94,16.3,18.6,75,3.0,3.0,1.0,28,28,2024-05-20,quarterly,65,0.55,2.14,10,Increased,-44,"Mar, Jun, Aug, Dec",Qualified
RCI,Rogers Communications,Communications,Wireless Telecommunication Services,20287.1,0.86,May be undervalued,3.26,20,3.94,10.8,15.2,60,0.0,1.0,20.0,0,20,2024-06-10,quarterly,45,0.81,4.78,9,Increased,-58,"Jan, Apr, Jul, Oct",Canadian
HVT,Haverty Furniture,Consumer Discretionary,Homefurnishing Retail,497.1,1.07,Looks reasonably valued,3.67,7,3.94,13.0,9.5,50,7.1,10.0,8.0,11,11,2024-06-05,quarterly,35,0.25,0.81,10,Cut,-8,"Mar, Jun, Sep, Dec",Qualified
NWL,Newell Brands,Consumer Discretionary,Housewares and Specialties,2951.8,1.41,Appears speculative,4.54,-13,3.94,12.5,11.9,20,-70.0,-14.0,-3.0,0,0,2024-05-30,quarterly,56,0.63,4.90,9,Cut,-83,"Mar, Jun, Sep, Dec",Qualified
MTN,Vail Resorts,Consumer Discretionary,Leisure Facilities,8600.2,1.07,Appears speculative,3.21,22,3.92,25.9,30.1,40,7.8,8.0,,1,1,2024-06-26,quarterly,138,0.65,2.22,10,,-77,"Jan, Apr, Jul, Oct",Qualified
PPL,PPL,Utilities,Electric Utilities,19498.0,0.48,Could be overvalued,5.01,-22,3.90,15.5,15.5,80,7.3,-10.0,1.0,1,1,2024-06-10,quarterly,60,0.53,4.47,3,Increased,-48,"Jan, Apr, Jul, Oct",Qualified
KMB,Kimberly-Clark,Consumer Staples,Household Products,42249.1,0.27,May be undervalued,3.39,14,3.89,18.1,19.4,88,3.4,3.0,6.0,51,89,2024-06-10,quarterly,72,0.88,1.75,10,Increased,-34,"Jan, Apr, Jul, Oct",Qualified
LCII,LCI Industries,Consumer Discretionary,Automotive Parts and Equipment,2749.6,1.46,May be undervalued,2.94,31,3.87,19.3,15.0,60,0.0,12.0,,7,7,2024-06-03,quarterly,166,0.44,2.44,9,,-87,"Mar, Jun, Sep, Dec",Qualified
DTE,DTE Energy,Utilities,Multi-Utilities,21834.7,0.42,May be undervalued,3.27,18,3.87,15.8,18.6,90,7.1,1.0,3.0,1,1,2024-06-17,quarterly,68,0.66,5.20,1,Maintained,-50,"Jan, Apr, Jul, Oct",Qualified
CVS,CVS Health,Healthcare,Health Care Services,86922.7,0.51,May be undervalued,2.89,33,3.86,8.3,9.9,90,9.9,4.0,16.0,2,27,2024-04-19,quarterly,28,0.47,3.00,10,Increased,-38,"Feb, May, Aug, Nov",Qualified
SJM,J.M. Smucker,Consumer Staples,Packaged Foods and Meats,11700.5,0.16,May be undervalued,3.06,25,3.85,11.1,14.5,80,3.9,6.0,8.0,21,51,2024-05-13,quarterly,42,0.54,4.00,10,Increased,-27,"Mar, Jun, Sep, Dec",Qualified
CC,Chemours,Materials,Diversified Chemicals,3873.9,1.66,Appears speculative,3.48,10,3.84,12.1,7.8,30,0.0,4.0,,0,8,2024-05-13,quarterly,33,0.81,3.05,8,,,"Mar, Jun, Sep, Dec",Qualified
SMG,Scotts Miracle-Gro,Materials,Fertilizers and Agricultural Chemicals,3896.5,2.07,May be undervalued,2.25,70,3.84,23.5,20.9,50,0.0,4.0,,0,18,2024-05-28,quarterly,362,,4.95,8,Maintained,-39,"Mar, Jun, Sep, Dec",Qualified
ABBV,AbbVie,Healthcare,Biotechnology,286260.5,0.26,Could be overvalued,4.49,-14,3.83,14.5,9.6,80,4.7,9.0,,52,100,2024-04-12,quarterly,54,0.82,1.81,10,,,"Feb, May, Aug, Nov",Qualified
BKE,Buckle,Consumer Discretionary,Apparel Retail,1831.1,1.02,Looks reasonably valued,3.99,-3,3.83,9.4,9.8,50,0.0,7.0,15.0,0,3,2024-04-11,quarterly,32,0.06,0.06,10,Increased,-3,"Jan, Apr, Jul, Oct",Qualified
MGA,Magna,Consumer Discretionary,Automotive Parts and Equipment,14256.8,1.39,May be undervalued,3.00,27,3.83,8.2,10.0,70,3.3,6.0,9.0,13,13,2024-05-20,quarterly,34,0.35,1.45,10,Cut,-77,"Mar, Jun, Sep, Dec",Canadian
SHEL,Shell plc,Energy,Integrated Oil and Gas,230720.8,0.55,Looks reasonably valued,4.06,-5,3.83,8.9,8.6,45,3.9,-7.0,-2.0,3,3,2024-05-20,quarterly,31,0.24,0.89,9,Maintained,-42,"Mar, Jun, Sep, Dec",Qualified
PHG,Koninklijke Philips N.V.,Healthcare,Health Care Equipment,18679.9,0.93,May be undervalued,2.04,86,3.81,14.0,18.2,70,,1.0,5.0,0,0,2024-05-13,annual,,0.36,2.23,9,Maintained,-68,May,Foreign
WLY,John Wiley & Sons,Communications,Publishing,2045.9,0.94,May be undervalued,3.07,23,3.78,12.7,14.7,70,0.7,2.0,10.0,29,30,2024-04-08,quarterly,46,0.58,2.59,10,Increased,,"Jan, Apr, Jul, Oct",Qualified
NFG,National Fuel Gas,Utilities,Gas Utilities,4867.1,0.71,Looks reasonably valued,3.62,3,3.75,10.7,11.7,95,4.2,3.0,3.0,53,122,2024-06-28,quarterly,41,0.45,2.20,6,Increased,-40,"Jan, Apr, Jul, Oct",Qualified
AEE,Ameren Corporation,Utilities,Multi-Utilities,19076.8,0.43,May be undervalued,2.65,41,3.74,15.5,21.3,69,6.3,6.0,0.0,10,14,2024-06-13,quarterly,58,0.59,5.09,1,Cut,-60,"Mar, Jun, Sep, Dec",Qualified
ED,Consolidated Edison,Utilities,Multi-Utilities,30879.8,0.32,Looks reasonably valued,3.60,3,3.72,16.8,18.9,90,2.5,3.0,2.0,49,49,2024-05-16,quarterly,64,0.53,4.42,1,Increased,-26,"Mar, Jun, Sep, Dec",Qualified
KTB,Kontoor Brands,Consumer Discretionary,"Apparel, Accessories and Luxury Goods",3011.0,1.09,Could be overvalued,4.23,-12,3.70,11.5,10.4,50,4.2,,,3,3,2024-06-10,quarterly,44,0.65,1.51,6,,,"Mar, Jun, Sep, Dec",Qualified
PEG,Public Service Enterprise Group,Utilities,Multi-Utilities,32507.8,0.45,Looks reasonably valued,3.45,6,3.68,17.8,17.7,99,5.3,5.0,4.0,12,35,2024-06-10,quarterly,66,0.58,4.94,4,Increased,-44,"Mar, Jun, Sep, Dec",Qualified
IDA,IDACORP,Utilities,Electric Utilities,4568.7,0.41,May be undervalued,2.89,27,3.68,16.7,20.8,84,5.1,6.0,3.0,12,19,2024-05-02,quarterly,62,0.48,4.89,8,Maintained,-36,"Feb, May, Aug, Nov",Qualified
M,Macy's,Consumer Discretionary,Broadline Retail,5197.7,1.42,Looks reasonably valued,3.62,1,3.68,7.0,5.7,50,5.0,-15.0,7.0,2,2,2024-06-14,quarterly,19,0.55,2.08,10,Cut,-79,"Jan, Apr, Jul, Oct",Qualified
PRGO,Perrigo Company,Healthcare,Pharmaceuticals,4083.1,0.71,May be undervalued,2.34,56,3.66,11.7,12.9,60,1.1,8.0,17.0,20,20,2024-06-03,quarterly,42,0.43,4.74,9,Increased,-12,"Mar, Jun, Sep, Dec",Qualified
IBM,International Business Machines,Information Technology,IT Consulting and Other Services,166160.0,0.70,Could be overvalued,4.84,-24,3.66,18.0,12.7,65,0.6,1.0,12.0,28,29,2024-05-09,quarterly,69,0.63,2.23,10,Increased,-28,"Mar, Jun, Sep, Dec",Qualified
SRE,Sempra,Utilities,Multi-Utilities,43085.6,0.50,May be undervalued,3.22,13,3.64,14.2,17.5,79,4.2,6.0,8.0,13,23,2024-07-01,quarterly,52,0.49,5.47,0,Increased,-36,"Jan, Apr, Jul, Oct",Qualified
SON,Sonoco Products,Materials,Paper and Plastic Packaging Products and Materials,5555.2,0.83,May be undervalued,3.17,13,3.61,10.8,15.1,69,4.1,5.0,4.0,41,41,2024-05-09,quarterly,38,0.58,2.87,10,Increased,-42,"Mar, Jun, Sep, Dec",Qualified
MATW,Matthews International,Industrials,Diversified Support Services,817.1,1.25,May be undervalued,2.56,40,3.60,10.1,10.7,74,4.3,4.0,11.0,30,30,2024-05-06,quarterly,35,0.64,3.42,10,Increased,-35,"Feb, May, Aug, Dec",Qualified
GSK,GSK plc,Healthcare,Pharmaceuticals,83597.2,0.34,Could be overvalued,5.00,-27,3.60,10.4,13.3,70,-5.0,-10.0,1.0,0,0,2024-05-20,quarterly,38,0.51,1.28,10,Increased,-45,"Jan, Apr, Jul, Oct",Qualified
MSM,MSC Industrial,Industrials,Trading Companies and Distributors,5204.4,0.83,Looks reasonably valued,3.64,-1,3.59,15.3,14.9,84,5.1,8.0,23.0,2,20,2024-04-08,quarterly,56,0.30,0.98,10,Increased,-44,"Jan, Apr, Jul, Nov",Qualified
GLW,Corning,Information Technology,Electronic Components,26764.0,0.93,May be undervalued,2.94,21,3.58,16.7,16.7,77,0.0,9.0,,13,16,2024-05-30,quarterly,66,0.38,1.84,10,Maintained,-61,"Mar, Jun, Sep, Dec",Qualified
CMS,CMS Energy,Utilities,Multi-Utilities,17203.4,0.42,May be undervalued,2.81,27,3.58,17.3,22.0,52,5.6,6.0,,16,16,2024-05-06,quarterly,63,0.66,4.94,1,Increased,-34,"Feb, May, Aug, Nov",Qualified
WLYB,John Wiley & Sons,Communications,Publishing,2045.9,,Looks reasonably valued,3.31,7,3.57,,,70,0.7,2.0,10.0,29,30,2024-04-08,quarterly,46,0.58,2.59,10,Increased,,"Jan, Apr, Jul, Oct",Qualified
SWK,Stanley Black & Decker,Industrials,Industrial Machinery and Supplies and Components,13970.0,1.47,May be undervalued,2.03,76,3.57,22.2,19.1,80,1.3,5.0,6.0,56,147,2024-06-03,quarterly,222,0.45,4.04,9,Increased,-58,"Mar, Jun, Sep, Dec",Qualified
WTRG,Essential Utilities,Utilities,Water Utilities,9452.7,0.71,May be undervalued,2.28,55,3.55,17.5,26.7,93,7.0,7.0,8.0,32,33,2024-05-09,quarterly,64,0.55,5.81,3,Increased,-19,"Mar, Jun, Sep, Dec",Qualified
CHRW,C.H. Robinson,Industrials,Air Freight and Logistics,8073.7,0.76,May be undervalued,2.37,49,3.54,21.9,19.1,60,0.0,5.0,14.0,26,26,2024-06-03,quarterly,76,0.56,2.37,10,Increased,-27,"Jan, Apr, Jul, Oct",Qualified
GIS,General Mills,Consumer Staples,Packaged Foods and Meats,38005.4,0.01,Looks reasonably valued,3.32,5,3.51,14.8,16.6,90,9.3,2.0,7.0,3,125,2024-04-09,quarterly,50,0.56,2.79,10,Increased,-12,"Feb, May, Aug, Nov",Qualified
MDC,M.D.C. Holdings,Consumer Discretionary,Homebuilding,4719.0,1.35,Looks reasonably valued,3.73,-6,3.50,12.1,8.7,41,10.0,16.0,12.0,8,8,2024-05-09,quarterly,41,0.02,0.12,5,Maintained,-43,"Feb, May, Aug, Nov",Qualified
WEYS,Weyco,Consumer Discretionary,Distributors,270.1,0.57,Could be overvalued,3.95,-11,3.49,,,45,4.2,2.0,9.0,1,42,2024-05-28,quarterly,32,0.00,0.00,8,Increased,-34,"Jan, Mar, Jun, Sep",Qualified
KALU,Kaiser Aluminum,Materials,Aluminum,1409.6,2.15,Appears speculative,3.39,2,3.47,24.2,21.1,40,0.0,6.0,,0,16,2024-04-24,quarterly,112,0.61,4.06,9,Maintained,-76,"Feb, May, Aug, Nov",Qualified
CPB,Campbell Soup,Consumer Staples,Packaged Foods and Meats,12726.0,0.04,May be undervalued,3.10,11,3.47,13.7,16.4,60,0.0,1.0,4.0,0,21,2024-04-03,quarterly,51,0.55,2.00,10,Increased,-26,"Jan, Apr, Jul, Oct",Qualified
MDT,Medtronic,Healthcare,Health Care Equipment,106531.2,0.55,May be undervalued,2.35,46,3.44,15.0,18.1,99,1.5,8.0,13.0,45,45,2024-06-24,quarterly,52,0.24,1.72,10,Increased,-56,"Jan, Apr, Jul, Oct",Qualified
ERIC,Telefonaktiebolaget LM Ericsson (publ),Information Technology,Communications Equipment,16421.3,1.00,May be undervalued,1.38,149,3.44,11.7,14.8,70,0.0,22.0,,0,7,2024-04-04,semiannual,74,0.28,1.17,10,Cut,-61,"Apr, Oct",Foreign
SWX,Southwest Gas,Utilities,Gas Utilities,5179.1,0.82,Appears speculative,3.44,0,3.43,22.6,17.1,40,0.0,4.0,6.0,17,31,2024-05-14,quarterly,73,0.61,4.57,2,Increased,-37,"Mar, Jun, Sep, Dec",Qualified
TPR,Tapestry,Consumer Discretionary,"Apparel, Accessories and Luxury Goods",9365.0,1.20,Looks reasonably valued,3.25,5,3.43,9.3,9.9,60,17.0,-2.0,,1,1,2024-06-10,quarterly,30,0.41,0.93,10,,,"Mar, Jun, Sep, Dec",Qualified
CLX,Clorox,Consumer Staples,Household Products,17440.7,0.46,May be undervalued,2.81,21,3.42,24.1,27.5,70,1.7,6.0,9.0,46,51,2024-04-23,quarterly,82,0.93,1.94,10,Increased,-23,"Feb, May, Aug, Nov",Qualified
DRI,Darden Restaurants,Consumer Discretionary,Restaurants,18388.4,0.61,Looks reasonably valued,3.12,8,3.40,16.4,18.2,70,8.3,14.0,23.0,2,2,2024-04-09,quarterly,58,0.75,2.87,10,Increased,-44,"Feb, May, Aug, Nov",Qualified
DINO,HF Sinclair,Energy,Oil and Gas Refining and Marketing,11622.2,0.66,Looks reasonably valued,3.37,0,3.39,8.9,7.9,60,11.0,6.0,19.0,2,2,2024-05-17,quarterly,19,0.15,0.72,9,Maintained,,"Mar, Jun, Sep, Dec",Qualified
AMGN,Amgen,Healthcare,Biotechnology,142291.8,0.60,Looks reasonably valued,3.13,8,3.39,13.6,14.0,74,5.6,10.0,,12,12,2024-05-16,quarterly,46,0.90,2.85,10,,-19,"Mar, Jun, Sep, Dec",Qualified
NSRGY,NestlÃ© S.A.,Consumer Staples,Packaged Foods and Meats,265631.2,,May be undervalued,2.50,35,3.37,17.6,22.8,99,1.7,4.0,7.0,23,23,2024-04-22,annual,65,0.58,2.69,10,Increased,,Apr,Foreign
TSN,Tyson Foods,Consumer Staples,Packaged Foods and Meats,20711.0,0.36,May be undervalued,2.57,30,3.37,21.3,12.7,80,2.1,10.0,13.0,11,32,2024-05-31,quarterly,165,0.31,2.23,9,Maintained,-55,"Mar, Jun, Sep, Dec",Qualified
NSRGF,Nestle,Consumer Staples,Packaged Foods and Meats,265631.2,,May be undervalued,2.51,34,3.37,,,99,1.7,4.0,7.0,23,23,2024-04-22,annual,65,0.58,2.69,10,Increased,,Apr,Foreign
ARTNA,Artesian Resources,Utilities,Water Utilities,354.3,0.57,May be undervalued,2.66,26,3.36,,,78,4.0,4.0,4.0,31,31,2024-05-20,quarterly,69,0.44,4.22,2,Increased,,"Feb, May, Aug, Nov",Qualified
SIRI,Sirius XM,Communications,Cable and Satellite,12231.8,1.27,May be undervalued,1.12,198,3.35,10.3,21.0,50,9.9,17.0,,7,7,2024-05-06,quarterly,29,,3.37,10,,-96,"Feb, May, Aug, Nov",Qualified
STX,Seagate Technology,Information Technology,"Technology Hardware, Storage and Peripherals",17573.8,1.17,Looks reasonably valued,3.60,-7,3.34,28.0,19.3,41,0.0,2.0,21.0,4,12,2024-06-20,quarterly,-500,,3.41,10,,,"Jan, Apr, Jul, Oct",Qualified
KO,Coca-Cola,Consumer Staples,Soft Drinks and Non-alcoholic Beverages,250652.6,0.38,May be undervalued,3.06,9,3.34,20.7,24.2,80,5.4,3.0,7.0,61,104,2024-06-17,quarterly,68,0.53,1.99,10,Increased,-31,"Apr, Jul, Oct, Dec",Qualified
SCS,Steelcase,Industrials,Office Services and Supplies,1375.6,1.00,Appears speculative,3.73,-10,3.34,13.2,14.7,30,0.0,-6.0,3.0,0,0,2024-07-05,quarterly,43,0.28,1.11,8,Cut,-76,"Jan, Apr, Jul, Oct",Qualified
HRL,Hormel Foods,Consumer Staples,Packaged Foods and Meats,18572.1,0.34,May be undervalued,2.12,57,3.33,21.4,24.4,90,2.7,8.0,12.0,58,58,2024-04-12,quarterly,68,0.23,1.16,10,Increased,-15,"Feb, May, Aug, Nov",Qualified
EMN,Eastman Chemical,Materials,Specialty Chemicals,11445.2,1.00,Looks reasonably valued,3.41,-2,3.33,12.7,11.2,85,2.5,7.0,7.0,14,29,2024-06-14,quarterly,50,0.46,2.44,10,Maintained,-71,"Jan, Apr, Jul, Oct",Qualified
CSCO,Cisco,Information Technology,Communications Equipment,195332.8,0.72,Looks reasonably valued,3.07,8,3.32,13.8,13.9,91,2.6,4.0,,12,12,2024-04-03,quarterly,38,0.00,0.00,10,,-59,"Jan, Apr, Jul, Oct",Qualified
AROC,Archrock,Energy,Oil and Gas Equipment and Services,3117.0,0.84,Appears speculative,6.40,-48,3.32,19.8,15.6,15,6.5,4.0,,2,7,2024-05-08,quarterly,85,0.65,3.06,5,,,"Feb, May, Aug, Nov",Qualified
ADM,Archer-Daniels-Midland,Consumer Staples,Agricultural Products and Services,30366.7,0.69,May be undervalued,2.48,33,3.30,10.9,13.7,80,11.0,6.0,11.0,48,93,2024-05-16,quarterly,26,0.26,1.53,5,Increased,-21,"Feb, Jun, Sep, Dec",Qualified
QSR,Restaurant Brands International,Consumer Discretionary,Restaurants,22100.6,0.83,Looks reasonably valued,3.32,0,3.29,20.7,22.4,45,5.5,4.0,,11,11,2024-06-21,quarterly,68,0.74,5.26,10,Cut,,"Jan, Apr, Jul, Oct",Canadian
REYN,Reynolds Consumer Products,Consumer Staples,Household Products,5877.4,0.28,Looks reasonably valued,3.15,4,3.29,17.3,17.5,60,0.0,,,0,3,2024-05-16,quarterly,65,0.47,2.58,7,,,"Feb, May, Aug, Nov",Qualified
NEE,NextEra Energy,Utilities,Electric Utilities,128918.7,0.69,May be undervalued,2.15,52,3.28,18.5,28.0,90,10.0,11.0,10.0,28,28,2024-05-28,quarterly,59,0.55,4.68,0,Increased,-31,"Mar, Jun, Sep, Dec",Qualified
PEP,PepsiCo,Consumer Staples,Soft Drinks and Non-alcoholic Beverages,229474.3,0.36,May be undervalued,2.83,14,3.25,20.5,24.0,93,7.1,7.0,11.0,51,59,2024-06-03,quarterly,65,0.67,1.91,10,Increased,-35,"Jan, Apr, Jun, Sep",Qualified
JNJ,Johnson & Johnson,Healthcare,Pharmaceuticals,355659.9,0.24,May be undervalued,2.71,19,3.23,13.9,16.4,99,5.3,6.0,8.0,61,108,2024-05-22,quarterly,45,0.10,0.23,10,Increased,-27,"Mar, Jun, Sep, Dec",Qualified
XOM,Exxon Mobil,Energy,Integrated Oil and Gas,473724.6,0.36,Could be overvalued,4.72,-32,3.18,12.9,12.0,80,4.4,3.0,7.0,41,142,2024-05-15,quarterly,39,0.09,0.27,9,Increased,-28,"Mar, Jun, Sep, Dec",Qualified
CMCSA,Comcast,Communications,Cable and Satellite,156610.3,0.83,May be undervalued,2.25,39,3.14,9.3,13.5,89,6.9,9.0,,15,15,2024-04-02,quarterly,29,0.54,2.44,10,Increased,-52,"Jan, Apr, Jul, Oct",Qualified
TXN,Texas Instruments,Information Technology,Semiconductors,151387.8,1.34,May be undervalued,2.77,12,3.13,32.8,23.6,80,4.8,14.0,23.0,20,62,2024-05-06,quarterly,71,0.16,0.45,10,Increased,-59,"Feb, May, Aug, Nov",Qualified
OMC,Omnicom,Communications,Advertising,17856.4,0.76,Could be overvalued,3.58,-13,3.09,11.7,12.0,70,0.0,3.0,10.0,0,38,2024-06-10,quarterly,38,0.37,0.97,10,Maintained,-56,"Jan, Apr, Jul, Oct",Qualified
CTRA,Coterra Energy,Energy,Oil and Gas Exploration and Production,20442.7,0.66,May be undervalued,2.67,15,3.09,14.2,11.0,50,5.0,36.0,25.0,0,0,2024-05-28,quarterly,51,0.11,0.42,8,Maintained,-44,"Mar, Jun, Aug, Nov",Qualified
FUN,Cedar Fair,Consumer Discretionary,Leisure Facilities,1984.5,0.86,Appears speculative,3.08,0,3.09,11.5,12.5,30,0.0,-20.0,-2.0,1,1,2024-06-06,quarterly,43,,3.93,9,Cut,-64,"Mar, Jun, Sep, Dec",K-1
HNI,HNI Corporation,Industrials,Office Services and Supplies,1964.8,0.95,Could be overvalued,3.50,-12,3.08,14.3,15.9,55,0.0,2.0,5.0,13,31,2024-06-10,quarterly,49,0.42,1.55,10,Maintained,-75,"Mar, Jun, Sep, Dec",Qualified
SNN,Smith & Nephew plc,Healthcare,Health Care Equipment,10404.9,0.84,May be undervalued,2.07,47,3.07,13.1,19.0,99,0.0,1.0,11.0,0,23,2024-04-01,semiannual,45,0.35,1.89,10,Increased,-51,"May, Nov",Qualified
APD,Air Products and Chemicals,Materials,Industrial Gases,51387.1,0.87,May be undervalued,2.25,35,3.06,18.2,24.8,95,1.1,10.0,11.0,41,41,2024-03-28,quarterly,60,0.40,1.99,9,Increased,-52,"Feb, May, Aug, Nov",Qualified
SJW,SJW Group,Utilities,Water Utilities,1691.8,0.70,May be undervalued,2.04,48,3.03,19.1,28.9,99,5.3,6.0,6.0,56,56,2024-05-06,quarterly,57,0.59,6.24,1,Increased,-49,"Mar, Jun, Sep, Dec",Qualified
APA,APA Corporation,Energy,Oil and Gas Exploration and Production,12305.5,0.76,May be undervalued,1.91,58,3.02,7.3,5.9,50,0.0,0.0,8.0,3,3,2024-04-19,quarterly,22,0.59,0.90,5,Maintained,,"Feb, May, Aug, Nov",Qualified
HPE,Hewlett Packard Enterprise,Information Technology,"Technology Hardware, Storage and Peripherals",22435.0,1.24,Looks reasonably valued,3.17,-5,3.01,9.3,8.0,50,8.3,5.0,,0,7,2024-06-14,quarterly,24,0.30,1.60,8,,,"Jan, Apr, Jul, Oct",Qualified
RHI,Robert Half,Industrials,Human Resource and Employment Services,7293.1,1.07,May be undervalued,2.21,35,3.00,21.3,18.7,96,10.0,11.0,,19,19,2024-05-24,quarterly,50,0.00,0.00,10,Increased,-54,"Mar, Jun, Sep, Dec",Qualified
HSY,Hershey,Consumer Staples,Packaged Foods and Meats,37282.9,0.36,May be undervalued,2.03,48,3.00,19.0,24.3,93,15.0,10.0,10.0,14,94,2024-05-20,quarterly,46,0.54,1.52,10,Maintained,-30,"Mar, Jun, Sep, Dec",Qualified
